x,y,label
-0.636128249660041,-0.653735016358028,0
1.06345963904102,-1.46694673042825,0
1.85286995321829,2.47818304037234,1
1.3084577781946,4.93513198523306,1
3.29182706103907,5.37393099457084,1
-1.1283303100836,-1.76841403231106,0
3.9781872169049,3.8407359209942,1
3.30795702493829,2.54436821982058,1
-1.12025500148841,-0.169874304044058,0
-0.0896224837412097,-0.386234650983645,0
3.14458932680958,5.53409896114,1
3.11728334262502,5.01173072831988,1
0.497980623046732,2.61733491205073,0
-1.33797665356226,0.854042818220478,0
-0.416411219699434,-0.543548121612387,0
1.70027246196058,3.36382748859347,1
-0.896446150502486,0.778279045311317,0
2.36722982933704,2.84902807639191,1
3.76802346560468,4.34511793190076,1
4.11734947563642,2.77108278056307,1
7.0245382661576,3.32505832578057,1
-1.36096312939369,-2.20152190603627,0
2.79785230991572,2.05422745075728,1
4.25525506712652,3.57706073637857,1
2.19885212431219,2.58923136056016,1
-1.01445076770532,2.01077176753361,0
4.37227762926161,2.86181887725037,1
-0.0438185853582948,-0.729445237982781,0
0.149808732632761,-0.599272040041946,0
2.92968090069271,3.0917119425309,1
0.0595705885660458,1.26652847557265,0
-0.297126799995404,1.28145775266336,0
2.55130421996564,3.53768810159277,1
0.475860587278343,0.541139413417131,0
0.317851419059697,-1.22939364899916,0
5.78034141374077,2.32634538022587,1
1.32438544916022,1.91218083836386,0
5.11884174109394,1.82337705936655,1
3.41967743472352,7.09384518481557,1
-1.53269301392951,-0.191668280046305,0
0.809972073318538,0.896747363054463,0
-1.72542778952869,0.44892112001917,0
-0.0022267863138361,-0.286684533211225,0
3.79120537671289,3.23513941472574,1
1.04272254190258,3.24455387704825,1
5.47257548556925,3.08747978083296,1
2.63437445627031,5.15571228718474,1
2.74866101674544,5.00593309056339,1
-1.1713558179203,-1.14242816812144,0
-0.749300162894559,4.07470707085717,1
0.166347492460066,-0.571246319791095,0
6.15994448355867,2.12880346589934,1
0.347592631960065,0.639517303110873,0
4.18602520462098,5.41798723907301,1
4.78996072755461,1.49164329830458,1
3.23436726641632,-0.520858843417453,1
-1.42643615947972,0.214686448131779,0
7.12883681639323,3.90909556404639,1
2.93401706059995,3.82127953084419,1
-0.0435842055463326,0.652698590995241,0
3.8294981181994,3.26830555947939,1
0.960825211682115,1.14732784158513,0
-0.509711712767427,0.41203537811175,0
-1.5693154703407,0.530101256550695,0
0.0931087600588035,-0.197342906850919,0
3.20747658722333,3.81077164374314,1
4.95376231441071,1.81551604017548,1
0.0780200809780775,-0.414658917455485,0
1.44836292414875,4.695109079995,1
4.81923212814639,5.43507368762975,1
5.11336042649024,1.02014594646197,1
-0.213170486421586,-0.390898732233772,0
0.0645167423111044,0.975840884581828,0
-1.28838600294029,2.60519575087392,0
2.78908112764392,0.550950420745412,0
3.66471541317568,2.01152785712465,1
0.660707086367175,0.61030521757395,0
0.326840248762991,0.490159188823982,0
0.779567428734972,-0.774513104760749,0
0.641661506421779,0.0614454835840975,0
7.42363881197338,3.22175256532344,1
3.5929741835527,4.48716065823788,1
0.425485355625296,-1.84612923609859,0
4.96404311674413,2.67121700543004,1
-1.2086520547402,-0.693595443143502,0
-0.845944212336118,-0.0915390218682469,0
3.64333954065449,2.37766176034849,1
3.52952297179073,6.1885199202854,1
2.82514300701172,2.88682691371937,1
4.30608903162552,4.31520480294898,1
-1.00650007461934,0.540633089814446,0
0.701715595551365,3.78021538893739,1
3.69879619211824,0.254776016844831,1
1.91130275092656,2.19869373152297,1
3.43407173294232,3.74135006392968,1
-1.09786776954067,-0.865815207739937,0
1.37295232164358,1.71759954952744,1
0.288228089665011,-0.363258472467672,0
1.46001318514265,-0.250552842446154,0
-1.14891228961879,0.0937254906669184,0
-0.41125092553222,-0.251169287438378,0
4.97123221316377,1.48955570382723,1
-0.477382663694067,-0.952068223401487,0
1.27996397073143,0.902816380323371,1
-0.226950464706233,0.942376933302384,0
-1.3216255908101,-0.960966563537669,0
-0.792947502201808,0.790701970703587,0
0.136132648105912,5.52427580449808,1
0.315985880708604,-0.317628188513512,0
-1.36151495486457,0.277799321723375,0
-0.748876752543159,1.91510229545677,0
1.10154536664305,4.80487798302787,1
4.74971250677402,3.48147783292964,1
2.05493070970898,2.45659926695467,1
2.36485674324527,3.24034091512297,1
1.4122326864445,-1.54087718185788,0
-0.0478694102202059,-0.499965221779343,0
1.22468782478534,-0.911898504288659,0
1.19902787729197,3.52667781833885,0
-2.12797676818267,-0.989562679068363,0
3.97117231005115,3.65537794204225,1
4.18017256560434,4.20507034875994,1
3.07683046776668,3.45534642126157,1
-1.482676111059,-1.41934846053479,0
-1.63054289274725,0.109247941665665,0
-0.729247267629503,0.817516283237215,0
-0.895113135482436,1.56508398508243,0
-1.26908677286849,-0.647911623091645,0
0.582423277447969,-0.734271258590912,0
1.04703326689793,0.102107713303418,0
-0.162501941548495,0.12028281636165,0
0.110218849223381,-3.07298853928707,0
-0.0425429412791472,2.13879905640943,1
-1.08695922946133,-1.23681835282285,0
0.122230700504887,-0.50436248052581,0
0.120500599699389,-1.03291351430084,0
4.18976712208436,2.63170098697034,1
3.16865956589061,2.64430910854934,1
1.03412153956971,0.853540834064481,0
0.970447788354572,0.883617136720828,0
2.91437892612828,2.6339175930519,1
0.600291949185784,-0.156870414727051,0
1.65243432884888,0.328894237309431,1
0.78706667635798,0.626278997699139,0
3.19251039501496,2.94176444860792,1
1.40493344567698,-0.589588991418034,0
-0.213267188307358,0.0255544334123088,0
0.0529788273256128,-1.96475241539089,0
-0.563968917027427,-0.974240459346947,0
2.27901987077848,4.1691772092936,1
-0.892661403477038,-0.593641761840396,0
2.13850225382851,-1.1465076321167,0
-0.325347780360491,0.308299436246859,0
2.32611478283263,2.70718139842334,1
3.49129471871431,5.3585968181595,1
0.317317472324612,0.841245666352581,0
2.71931918273792,3.33190960157327,1
0.0302990237881831,0.389145734517764,0
1.90851233035822,0.436375391562132,0
1.73824493261334,0.597864632881486,0
-0.952635997119977,-1.99199717760327,0
1.05330457914955,-1.55659393493828,0
-0.134478644555426,0.409182082547355,0
3.8294674519305,4.58389388473907,1
4.48154203786753,2.55575192497926,1
0.661536244123409,1.15216580794839,0
1.83830063409088,1.81461228210318,1
5.44808582388132,3.65097991984835,1
3.36778739058603,2.7690819155013,1
-0.777905520185398,0.647755244971729,0
1.9963305069409,1.5173479315577,1
0.727572036915723,0.294203684446698,0
0.503744055737328,1.30183950434961,0
-0.371221247497632,0.972374811203577,0
0.808438803167691,-0.071319650027454,0
1.75776754529152,3.0505323297953,1
2.01784672221298,3.6876680699658,1
1.65359901193506,2.95865790515925,1
-1.95675395423192,0.168507500217456,0
-0.469809363224454,-1.16051992616979,0
-3.23203779594001,-0.809737610765752,0
0.348441199952281,-0.116884266969787,0
5.25357439287419,2.4525562080914,1
3.27149711968866,3.25009149502455,1
2.02433259954387,-1.12231172152804,0
4.14180042280025,4.0745142064159,1
2.39951594904801,5.72691403146521,1
1.0822405961607,-0.461882993134125,0
-0.990532220484176,1.38449851135426,0
-0.0621391248043618,0.365617187472922,0
1.03781563948524,0.540363959609767,0
0.919867079806395,-0.363780750881015,0
5.01276978306893,2.24994783379523,1
0.690051897857806,-1.03684339707676,0
-0.84667403418163,2.12743541179923,1
1.19777147431488,0.766526854105447,0
0.0226084843095981,-0.203142794821834,0
0.789230252987212,2.66130832229618,1
0.555756771412105,-0.857103238887738,0
0.409334430455455,-0.0842920727534208,0
0.994721392919653,1.36163322398754,1
2.42736318223664,3.29161051693662,1
3.82963483181743,2.29014428500296,1
3.32660752257222,3.9200778185002,1
1.54628946625676,1.862059264885,1
0.266917446595828,-0.711322710526139,0
0.886377377072694,2.37741185238417,0
4.09556399180593,3.17590585859032,1
0.550063912618137,4.13202959061696,1
1.0149986227794,2.83092666123931,1
2.57922650738778,5.09317483039916,1
-0.514881632926476,0.765251160015635,0
1.58600051357908,0.562427325782661,1
0.173247371832088,0.504732027944892,0
6.54783711389837,3.59201329735244,1
4.07588058823523,3.08106867665641,1
2.73783744068385,3.3339217209504,1
3.91905225556091,2.14385353650037,1
4.54595937613019,2.83473309643641,1
2.03887625141404,-0.268182881913388,0
2.47162172150661,2.12605355347912,1
1.40653513807679,1.76899156918657,0
1.79576535254109,3.75995253980275,1
-0.93632649711602,0.60984605323831,0
2.58170832541827,2.36948309155877,1
0.439411111553712,-1.39327258405515,0
4.36634486918775,4.07616211416718,1
3.35398980256792,2.92420308371166,1
3.3130734019083,2.72975535431508,1
0.555138560001846,-1.14636438588742,0
2.27665392229536,3.00728163557837,1
2.47216613708084,3.94935836556186,1
5.89163764471754,3.40780038240387,1
1.99229635917141,2.43834509023806,1
-0.368010733040955,-0.204570050663136,0
3.42276207396789,4.9224468313212,1
1.6501972200007,3.05433400206618,1
1.55903279292128,6.27636118028582,1
0.622393924172013,-0.462421544353747,0
1.94439779196628,-0.938247210627779,0
4.28130345172777,2.54919531308397,1
-0.509972045799939,-1.17233486755329,0
1.72783498263777,3.30307700732627,1
1.49119657238389,2.05093988929501,1
0.545329982619158,3.59556913844561,1
2.97250765539197,3.91443763677189,1
3.86178109747414,3.68742330824969,1
1.04858076053644,1.23329711264414,0
-1.17692333071496,-1.82883593420384,0
-1.17303232726741,-0.0627267940412559,0
2.77600297022466,3.78302659454809,1
2.36119823164244,2.5699892063093,1
0.310508318600499,-1.16872284991455,0
3.54238074727208,3.43110048036473,1
3.36637432022002,-0.234736127549608,1
5.91552671758822,4.0297212717509,1
0.879677164233489,0.161363534650636,0
0.414700293047627,1.79849445190826,0
-0.40932772163407,-1.69334366132081,0
3.01703125665123,3.6184615530608,1
5.04347319651345,6.6548765371137,1
-0.777698538311603,-0.207303159647625,0
5.39588086691636,0.429607051766435,1
0.853086767518578,-1.1560010849517,0
6.44349871951926,4.7922357279512,1
3.72831148058695,4.59364996366308,1
5.7203731963565,3.64959058344486,1
5.39553948586674,5.87294090780875,1
1.70133465427496,0.383023912780829,0
2.4775997844971,2.51879351236638,1
0.171586355268628,0.0032261145630868,0
-1.89630449362245,1.11042384067016,0
5.20877021823236,2.58720210986766,1
0.923932448688937,-0.409872647756742,0
1.404658195673,4.40175144344335,1
0.401124635731864,1.51058239519276,0
0.0951421578641687,0.832770575778025,0
-1.41577332156794,0.180664133586186,0
-0.0028549601443212,0.40549255051644,0
3.10118038624285,5.65652935052741,1
